id,name,age,email
1,Alice Johnson,28,alice@example.com
2,Bob Smith,34,bob@example.com
3,Charlie Brown,22,charlie@example.com
4,David Williams,40,david@example.com
5,Eva Adams,31,eva@example.com
6,Franklin Carter,29,franklin@example.com
7,Grace White,27,grace@example.com
8,Hank Miller,36,hank@example.com
9,Ivy Thomas,24,ivy@example.com
10,Jack Lee,32,jack@example.com
11,Karen Scott,30,karen@example.com
12,Liam Turner,26,liam@example.com
13,Mia Collins,35,mia@example.com
14,Noah Brooks,23,noah@example.com
15,Olivia Reed,37,olivia@example.com
16,Paul Walker,29,paul@example.com
17,Quinn Harris,33,quinn@example.com
18,Rachel Young,28,rachel@example.com
19,Samuel King,25,samuel@example.com
20,Tina Lewis,38,tina@example.com
21,Uma Parker,27,uma@example.com
22,Vincent Allen,31,vincent@example.com
23,Wendy Green,30,wendy@example.com
24,Xander Hall,26,xander@example.com
25,Yasmine Nelson,32,yasmine@example.com
26,Zachary Clark,29,zachary@example.com
27,Abigail Carter,34,abigail@example.com
28,Brandon Cooper,22,brandon@example.com
29,Catherine Evans,40,catherine@example.com
30,Daniel Phillips,31,daniel@example.com
